[
    {
        "min": "img/small/1.jpg",
        "max": "img/large/1.jpg"
    },
    {
        "min": "img/small/2.jpg",
        "max": "img/large/2.jpg"
    },
    {
        "min": "img/small/3.jpg",
        "max": "img/large/3.jpg"
    },
    {
        "min": "img/small/4.jpg",
        "max": "img/large/4.jpg"
    },
    {
        "min": "img/small/5.jpg",
        "max": "img/large/5.jpg"
    },
    {
        "min": "img/small/6.jpg",
        "max": "img/large/6.jpg"
    }
]